{
  "source": "comprehensive",
  "num_scripts": 15,
  "total_chars": 15314,
  "total_lines": 653,
  "avg_chars": 1020.9333333333333,
  "avg_lines": 43.53333333333333
}