{
  "source": "tinystories",
  "num_texts": 18740,
  "total_chars": 4149434,
  "total_words": 796821,
  "avg_chars": 221.42123799359658,
  "avg_words": 42.519797225186764
}